Date,Ticker,Open,High,Low,Close,Adj Close,Volume
2026-04-23,AAPL,275.04998779296875,275.7699890136719,271.6499938964844,273.42999267578125,273.1783142089844,33399600
2026-04-24,AAPL,272.760009765625,273.05999755859375,269.6499938964844,271.05999755859375,270.81048583984375,38157100
2026-04-27,AAPL,266.0899963378906,268.3599853515625,265.07000732421875,267.6099853515625,267.3636474609375,41466800
2026-04-28,AAPL,272.3399963378906,273.2300109863281,268.6600036621094,270.7099914550781,270.4608154296875,40018900
2026-04-29,AAPL,267.54998779296875,271.0400085449219,267.0400085449219,270.1700134277344,269.92132568359375,30047900
2026-04-30,AAPL,270.5,276.0,268.1400146484375,271.3500061035156,271.1002502441406,91848200
2026-05-01,AAPL,278.8599853515625,287.2200012207031,278.3699951171875,280.1400146484375,279.88214111328125,79915400
2026-05-04,AAPL,279.6600036621094,280.6300048828125,274.8599853515625,276.8299865722656,276.5751647949219,46668400
2026-05-05,AAPL,276.92999267578125,284.57000732421875,276.5,284.17999267578125,283.9184265136719,49311700
2026-05-06,AAPL,281.9200134277344,288.0299987792969,281.07000732421875,287.510009765625,287.245361328125,58336100
2026-05-07,AAPL,289.2699890136719,292.1300048828125,285.7799987792969,287.44000244140625,287.1754150390625,45224300
2026-05-08,AAPL,290.010009765625,294.760009765625,290.0,293.32000732421875,293.0500183105469,52692800
2026-05-11,AAPL,291.9800109863281,293.8800048828125,290.2300109863281,292.67999267578125,292.67999267578125,42247300
2026-05-12,AAPL,292.55999755859375,295.2699890136719,292.55999755859375,294.79998779296875,294.79998779296875,45748100
2026-05-13,AAPL,293.5,300.9200134277344,293.5,298.8699951171875,298.8699951171875,52684300
2026-05-14,AAPL,299.82000732421875,300.45001220703125,295.3800048828125,298.2099914550781,298.2099914550781,35324900
2026-05-15,AAPL,297.8999938964844,303.20001220703125,296.5199890136719,300.2300109863281,300.2300109863281,54862800
2026-05-18,AAPL,300.239990234375,300.6600036621094,294.9100036621094,297.8399963378906,297.8399963378906,34483000
2026-05-19,AAPL,296.9700012207031,300.510009765625,296.3500061035156,298.9700012207031,298.9700012207031,42243600
2026-05-20,AAPL,298.17999267578125,302.79998779296875,298.0799865722656,302.25,302.25,38229800
2026-05-21,AAPL,301.05999755859375,305.5400085449219,300.3999938964844,304.989990234375,304.989990234375,42900600
2026-04-23,AMD,302.010009765625,310.2200012207031,299.760009765625,305.3299865722656,305.3299865722656,45619700
2026-04-24,AMD,336.760009765625,352.989990234375,334.5400085449219,347.80999755859375,347.80999755859375,81616700
2026-04-27,AMD,346.32000732421875,349.2099914550781,328.80999755859375,334.6300048828125,334.6300048828125,50585300
2026-04-28,AMD,311.8599853515625,327.5,310.0,323.2099914550781,323.2099914550781,43002500
2026-04-29,AMD,326.5799865722656,340.1700134277344,318.8599853515625,337.1099853515625,337.1099853515625,44704400
2026-04-30,AMD,341.3599853515625,354.9599914550781,332.6000061035156,354.489990234375,354.489990234375,42115300
2026-05-01,AMD,351.8699951171875,362.7900085449219,349.25,360.5400085449219,360.5400085449219,34279200
2026-05-04,AMD,360.30999755859375,361.8500061035156,338.70001220703125,341.5400085449219,341.5400085449219,42000200
2026-05-05,AMD,351.510009765625,359.57000732421875,344.8800048828125,355.260009765625,355.260009765625,64235100
2026-05-06,AMD,409.489990234375,430.6000061035156,402.0400085449219,421.3900146484375,421.3900146484375,87732200
2026-05-07,AMD,417.07000732421875,421.7099914550781,401.0799865722656,408.4599914550781,408.4599914550781,44885500
2026-05-08,AMD,418.5899963378906,456.2900085449219,418.2900085449219,455.19000244140625,455.19000244140625,58134900
2026-05-11,AMD,460.54998779296875,469.2200012207031,450.8800048828125,458.7900085449219,458.7900085449219,46085400
2026-05-12,AMD,449.25,458.79998779296875,426.1099853515625,448.2900085449219,448.2900085449219,39140100
2026-05-13,AMD,457.0400085449219,459.5,432.6499938964844,445.5,445.5,30423400
2026-05-14,AMD,440.6000061035156,453.30999755859375,435.67999267578125,449.70001220703125,449.70001220703125,26113600
2026-05-15,AMD,433.3399963378906,439.0,423.3599853515625,424.1000061035156,424.1000061035156,29131600
2026-05-18,AMD,429.5,438.79998779296875,410.7099914550781,420.989990234375,420.989990234375,28432100
2026-05-19,AMD,412.6000061035156,428.75,393.3599853515625,414.04998779296875,414.04998779296875,38756900
2026-05-20,AMD,428.0400085449219,449.3900146484375,426.04998779296875,447.5799865722656,447.5799865722656,36137500
2026-05-21,AMD,441.989990234375,451.20001220703125,431.6000061035156,449.5899963378906,449.5899963378906,27126100
2026-04-23,AMZN,255.38999938964844,258.7900085449219,253.07000732421875,255.0800018310547,255.0800018310547,39091400
2026-04-24,AMZN,259.9800109863281,264.5,257.69000244140625,263.989990234375,263.989990234375,53777400
2026-04-27,AMZN,263.4599914550781,264.1499938964844,260.3399963378906,261.1199951171875,261.1199951171875,44906800
2026-04-28,AMZN,258.3900146484375,261.0299987792969,256.6300048828125,259.70001220703125,259.70001220703125,42204400
2026-04-29,AMZN,257.989990234375,265.9100036621094,257.70001220703125,263.0400085449219,263.0400085449219,72367900
2026-04-30,AMZN,273.1700134277344,273.8800048828125,256.1600036621094,265.05999755859375,265.05999755859375,100974900
2026-05-01,AMZN,265.5799865722656,273.32000732421875,262.739990234375,268.260009765625,268.260009765625,50825200
2026-05-04,AMZN,268.79998779296875,276.1000061035156,268.79998779296875,272.04998779296875,272.04998779296875,49083700
2026-05-05,AMZN,276.0799865722656,278.55999755859375,272.3800048828125,273.54998779296875,273.54998779296875,41908500
2026-05-06,AMZN,272.8900146484375,277.79998779296875,272.2099914550781,274.989990234375,274.989990234375,44552000
2026-05-07,AMZN,275.0199890136719,276.6300048828125,270.489990234375,271.1700134277344,271.1700134277344,35892900
2026-05-08,AMZN,271.6300048828125,274.0,269.95001220703125,272.67999267578125,272.67999267578125,34732700
2026-05-11,AMZN,269.8399963378906,273.6300048828125,268.4800109863281,268.989990234375,268.989990234375,38176700
2026-05-12,AMZN,266.7099914550781,267.6499938964844,262.6300048828125,265.82000732421875,265.82000732421875,36776200
2026-05-13,AMZN,264.42999267578125,270.7200012207031,263.20001220703125,270.1300048828125,270.1300048828125,39670900
2026-05-14,AMZN,269.1499938964844,270.7799987792969,266.6300048828125,267.2200012207031,267.2200012207031,31338400
2026-05-15,AMZN,262.5,264.3599853515625,260.8900146484375,264.1400146484375,264.1400146484375,40770300
2026-05-18,AMZN,263.8699951171875,268.8500061035156,262.5299987792969,264.8599853515625,264.8599853515625,33690800
2026-05-19,AMZN,262.0400085449219,262.25,255.19000244140625,259.3399963378906,259.3399963378906,40340700
2026-05-20,AMZN,260.04998779296875,265.5799865722656,259.5299987792969,265.010009765625,265.010009765625,34933200
2026-05-21,AMZN,263.5,269.489990234375,261.3699951171875,268.4599914550781,268.4599914550781,36510000
2026-04-23,BA,231.50999450683594,235.91000366210938,228.77000427246094,234.14999389648438,234.14999389648438,8087600
2026-04-24,BA,234.99000549316406,236.4499969482422,232.07000732421875,232.44000244140625,232.44000244140625,5732700
2026-04-27,BA,233.0,235.4499969482422,229.38999938964844,231.3300018310547,231.3300018310547,4402600
2026-04-28,BA,231.0500030517578,231.3300018310547,227.07000732421875,230.72000122070312,230.72000122070312,3807800
2026-04-29,BA,230.22000122070312,230.25999450683594,221.14999389648438,224.11000061035156,224.11000061035156,6377700
2026-04-30,BA,225.89999389648438,229.5500030517578,224.61000061035156,229.02999877929688,229.02999877929688,4841300
2026-05-01,BA,230.39999389648438,231.50999450683594,227.25999450683594,227.3800048828125,227.3800048828125,3494200
2026-05-04,BA,226.49000549316406,227.8699951171875,221.0399932861328,221.3000030517578,221.3000030517578,4860900
2026-05-05,BA,223.10000610351562,225.55999755859375,221.74000549316406,224.3800048828125,224.3800048828125,3852100
2026-05-06,BA,230.92999267578125,232.0800018310547,228.10000610351562,229.92999267578125,229.92999267578125,7166900
2026-05-07,BA,231.4499969482422,236.6300048828125,229.60000610351562,231.02999877929688,231.02999877929688,8489800
2026-05-08,BA,233.8000030517578,238.5399932861328,231.75,237.36000061035156,237.36000061035156,7525300
2026-05-11,BA,239.44000244140625,241.2100067138672,236.52000427246094,238.2100067138672,238.2100067138672,6267000
2026-05-12,BA,239.0,239.02000427246094,231.11000061035156,236.8699951171875,236.8699951171875,7041000
2026-05-13,BA,237.22999572753906,242.27000427246094,234.39999389648438,240.60000610351562,240.60000610351562,7438700
2026-05-14,BA,243.52000427246094,244.07000732421875,227.5,229.2100067138672,229.2100067138672,17761100
2026-05-15,BA,226.85000610351562,226.85000610351562,220.4499969482422,220.49000549316406,220.49000549316406,9479900
2026-05-18,BA,220.47999572753906,221.1699981689453,216.7899932861328,220.61000061035156,220.61000061035156,6568200
2026-05-19,BA,218.83999633789062,220.0500030517578,214.0,215.00999450683594,215.00999450683594,5355300
2026-05-20,BA,216.8000030517578,223.02000427246094,216.5,222.1999969482422,222.1999969482422,7708500
2026-05-21,BA,219.38999938964844,221.1699981689453,215.72000122070312,219.61000061035156,219.61000061035156,6400600
2026-04-23,BABA,133.77999877929688,133.89999389648438,129.61500549316406,131.6999969482422,131.6999969482422,10749900
2026-04-24,BABA,133.67999267578125,136.1999969482422,133.0,135.82000732421875,135.82000732421875,9046800
2026-04-27,BABA,133.0,133.40499877929688,132.08999633789062,132.52000427246094,132.52000427246094,6462100
2026-04-28,BABA,129.5,130.9199981689453,128.9499969482422,130.85000610351562,130.85000610351562,6088100
2026-04-29,BABA,131.9499969482422,132.02999877929688,129.9600067138672,130.42999267578125,130.42999267578125,6386000
2026-04-30,BABA,130.14999389648438,132.63999938964844,129.35000610351562,131.8800048828125,131.8800048828125,7416600
2026-05-01,BABA,131.7550048828125,133.14999389648438,131.36000061035156,131.5,131.5,6199300
2026-05-04,BABA,133.97999572753906,136.11500549316406,133.25999450683594,133.27000427246094,133.27000427246094,8317200
2026-05-05,BABA,134.625,134.72000122070312,132.1699981689453,132.25999450683594,132.25999450683594,6919300
2026-05-06,BABA,137.30499267578125,142.1999969482422,136.74000549316406,141.44000244140625,141.44000244140625,16958900
2026-05-07,BABA,143.76499938964844,143.9499969482422,140.44000244140625,141.0,141.0,10698800
2026-05-08,BABA,142.0500030517578,143.8000030517578,139.3699951171875,140.05999755859375,140.05999755859375,10062000
2026-05-11,BABA,137.66000366210938,138.85000610351562,136.22000122070312,137.3000030517578,137.3000030517578,9859200
2026-05-12,BABA,136.49000549316406,136.97000122070312,133.82000732421875,134.77999877929688,134.77999877929688,16129000
2026-05-13,BABA,132.05999755859375,146.8699951171875,130.3300018310547,145.80999755859375,145.80999755859375,40214600
2026-05-14,BABA,140.97999572753906,143.97999572753906,138.61000061035156,141.1199951171875,141.1199951171875,19422000
2026-05-15,BABA,135.8800048828125,135.8800048828125,131.9499969482422,132.58999633789062,132.58999633789062,17985100
2026-05-18,BABA,133.94500732421875,134.8800048828125,132.57000732421875,133.25999450683594,133.25999450683594,10379400
2026-05-19,BABA,135.34500122070312,136.77999877929688,134.7899932861328,135.63999938964844,135.63999938964844,11084200
2026-05-20,BABA,135.86000061035156,135.88999938964844,132.72999572753906,134.47000122070312,134.47000122070312,7035400
2026-05-21,BABA,129.5500030517578,131.7550048828125,128.08999633789062,131.47000122070312,131.47000122070312,12576600
2026-04-23,CVX,187.1199951171875,188.4199981689453,185.5,187.60000610351562,185.8973388671875,6684700
2026-04-24,CVX,185.22999572753906,186.4199981689453,183.1999969482422,185.2100067138672,183.52902221679688,9626700
2026-04-27,CVX,186.19000244140625,188.3699951171875,183.6699981689453,184.77999877929688,183.10292053222656,10836600
2026-04-28,CVX,188.27999877929688,189.9600067138672,186.5500030517578,188.36000061035156,186.6504364013672,10754900
2026-04-29,CVX,190.1300048828125,192.6199951171875,189.5,192.22000122070312,190.47540283203125,8644600
2026-04-30,CVX,190.25,194.1300048828125,188.5,193.30999755859375,191.55551147460938,11748600
2026-05-01,CVX,191.3000030517578,194.08999633789062,189.75,190.6300048828125,188.89984130859375,10435900
2026-05-04,CVX,190.85000610351562,193.7100067138672,187.97000122070312,192.27999877929688,190.53485107421875,8229500
2026-05-05,CVX,191.22000122070312,193.6699981689453,190.4499969482422,192.63999938964844,190.89158630371094,5642800
2026-05-06,CVX,185.58999633789062,186.77999877929688,183.13999938964844,185.16000366210938,183.47947692871094,11082900
2026-05-07,CVX,181.5800018310547,183.44000244140625,179.52999877929688,182.5,180.84361267089844,12194000
2026-05-08,CVX,182.0399932861328,182.72999572753906,180.74000549316406,181.6199951171875,179.9716033935547,13053000
2026-05-11,CVX,183.0,185.1999969482422,183.0,184.74000549316406,183.06329345703125,12042100
2026-05-12,CVX,186.5,186.88999938964844,184.66000366210938,185.9499969482422,184.26229858398438,8995100
2026-05-13,CVX,185.80999755859375,186.00999450683594,183.9600067138672,186.0,184.31185913085938,7554700
2026-05-14,CVX,186.19000244140625,187.57000732421875,185.25,186.63999938964844,184.946044921875,6222400
2026-05-15,CVX,188.60000610351562,191.5,187.89999389648438,191.10000610351562,189.36557006835938,11210800
2026-05-18,CVX,191.1699981689453,196.1999969482422,189.02999877929688,196.1199951171875,194.33999633789062,9869700
2026-05-19,CVX,194.92999267578125,198.8699951171875,193.47000122070312,197.25,197.25,11819200
2026-05-20,CVX,196.25,198.19000244140625,191.27000427246094,191.3300018310547,191.3300018310547,14564900
2026-05-21,CVX,193.7899932861328,194.16000366210938,189.0,191.00999450683594,191.00999450683594,9048000
2026-04-23,DIS,104.94000244140625,105.19999694824219,102.55000305175781,103.6500015258789,103.6500015258789,6147000
2026-04-24,DIS,103.5999984741211,103.63999938964844,101.97000122070312,102.5999984741211,102.5999984741211,5974500
2026-04-27,DIS,102.62000274658203,103.80999755859375,102.05999755859375,102.3499984741211,102.3499984741211,6524300
2026-04-28,DIS,102.66000366210938,103.29000091552734,100.61000061035156,101.47000122070312,101.47000122070312,6409300
2026-04-29,DIS,100.94000244140625,101.4800033569336,100.5999984741211,101.30000305175781,101.30000305175781,5533700
2026-04-30,DIS,100.91000366210938,104.12000274658203,100.41999816894531,103.75,103.75,9203500
2026-05-01,DIS,104.4000015258789,104.83000183105469,102.97000122070312,103.08000183105469,103.08000183105469,5956900
2026-05-04,DIS,102.73999786376953,103.05000305175781,101.2699966430664,101.30999755859375,101.30999755859375,8400100
2026-05-05,DIS,101.52999877929688,101.7300033569336,100.05999755859375,100.4800033569336,100.4800033569336,14314700
2026-05-06,DIS,106.5199966430664,109.13999938964844,105.30999755859375,108.05999755859375,108.05999755859375,23219500
2026-05-07,DIS,109.05000305175781,110.4800033569336,107.08999633789062,108.66000366210938,108.66000366210938,14309200
2026-05-08,DIS,109.02999877929688,109.20999908447266,107.54000091552734,108.0199966430664,108.0199966430664,8370000
2026-05-11,DIS,108.0,108.38999938964844,104.37999725341797,104.72000122070312,104.72000122070312,10562300
2026-05-12,DIS,104.98999786376953,106.2699966430664,104.22000122070312,106.16000366210938,106.16000366210938,8178500
2026-05-13,DIS,105.3499984741211,105.87999725341797,103.86000061035156,104.9000015258789,104.9000015258789,7605900
2026-05-14,DIS,105.54000091552734,106.29000091552734,104.8499984741211,105.41999816894531,105.41999816894531,6144600
2026-05-15,DIS,105.02999877929688,105.41999816894531,102.30000305175781,102.72000122070312,102.72000122070312,9258600
2026-05-18,DIS,102.69000244140625,104.69999694824219,102.55000305175781,103.91000366210938,103.91000366210938,9037200
2026-05-19,DIS,103.70999908447266,103.93000030517578,101.97000122070312,102.29000091552734,102.29000091552734,7032600
2026-05-20,DIS,102.91000366210938,104.86000061035156,101.5999984741211,104.08000183105469,104.08000183105469,7941400
2026-05-21,DIS,103.61000061035156,104.62000274658203,102.58999633789062,103.58000183105469,103.58000183105469,8609800
2026-04-23,FSMB,20.0,20.0,19.985000610351562,19.9950008392334,19.94188117980957,89500
2026-04-24,FSMB,20.010000228881836,20.010000228881836,19.989999771118164,20.010000228881836,19.95684051513672,64100
2026-04-27,FSMB,20.010000228881836,20.010000228881836,19.989999771118164,19.9950008392334,19.94188117980957,56200
2026-04-28,FSMB,19.989999771118164,20.0,19.979999542236328,19.989999771118164,19.936893463134766,568400
2026-04-29,FSMB,19.979999542236328,19.989999771118164,19.950000762939453,19.959999084472656,19.906972885131836,119600
2026-04-30,FSMB,19.989999771118164,19.989999771118164,19.969999313354492,19.989999771118164,19.936893463134766,169400
2026-05-01,FSMB,19.989999771118164,19.989999771118164,19.969999313354492,19.969999313354492,19.916946411132812,137900
2026-05-04,FSMB,20.0,20.0,19.969999313354492,19.975000381469727,19.921934127807617,68800
2026-05-05,FSMB,19.989999771118164,19.989999771118164,19.969999313354492,19.975000381469727,19.921934127807617,85900
2026-05-06,FSMB,20.049999237060547,20.049999237060547,19.989999771118164,19.9950008392334,19.94188117980957,62100
2026-05-07,FSMB,19.989999771118164,20.020000457763672,19.989999771118164,20.010000228881836,19.95684051513672,183100
2026-05-08,FSMB,20.010000228881836,20.030000686645508,20.0,20.014999389648438,19.96182632446289,120300
2026-05-11,FSMB,20.0049991607666,20.010000228881836,19.989999771118164,20.0049991607666,19.951852798461914,98300
2026-05-12,FSMB,20.0,20.0,19.979999542236328,19.985000610351562,19.931907653808594,70600
2026-05-13,FSMB,19.989999771118164,19.989999771118164,19.959999084472656,19.979999542236328,19.92691993713379,69700
2026-05-14,FSMB,19.969999313354492,19.989999771118164,19.969999313354492,19.985000610351562,19.931907653808594,87800
2026-05-15,FSMB,19.940000534057617,19.950000762939453,19.920000076293945,19.940000534057617,19.887027740478516,65700
2026-05-18,FSMB,19.979999542236328,19.979999542236328,19.940000534057617,19.954999923706055,19.901987075805664,235400
2026-05-19,FSMB,19.940000534057617,19.940000534057617,19.920000076293945,19.93000030517578,19.87705421447754,98800
2026-05-20,FSMB,19.940000534057617,19.954999923706055,19.922000885009766,19.950000762939453,19.897001266479492,102900
2026-05-21,FSMB,19.8700008392334,19.899999618530273,19.8700008392334,19.899999618530273,19.899999618530273,80500
2026-04-23,GILD,134.02000427246094,134.67999267578125,132.7899932861328,133.63999938964844,133.63999938964844,3870900
2026-04-24,GILD,131.5399932861328,132.3300018310547,129.27999877929688,130.39999389648438,130.39999389648438,5966000
2026-04-27,GILD,128.8000030517578,130.3300018310547,127.63999938964844,127.75,127.75,8170300
2026-04-28,GILD,130.3300018310547,130.47000122070312,128.33999633789062,129.25999450683594,129.25999450683594,5940300
2026-04-29,GILD,128.89999389648438,129.9600067138672,128.0,128.83999633789062,128.83999633789062,5048300
2026-04-30,GILD,127.95999908447266,132.2100067138672,127.95999908447266,130.83999633789062,130.83999633789062,6660000
2026-05-01,GILD,130.0,132.36000061035156,129.00999450683594,131.64999389648438,131.64999389648438,5517000
2026-05-04,GILD,130.44000244140625,133.10000610351562,130.0,132.69000244140625,132.69000244140625,5880600
2026-05-05,GILD,132.83999633789062,133.97999572753906,131.88999938964844,133.47999572753906,133.47999572753906,6152400
2026-05-06,GILD,133.3800048828125,136.75,133.19000244140625,136.3000030517578,136.3000030517578,6351200
2026-05-07,GILD,136.5,136.5,133.75999450683594,134.05999755859375,134.05999755859375,8901000
2026-05-08,GILD,130.0,133.33999633789062,129.0,131.3300018310547,131.3300018310547,10250100
2026-05-11,GILD,131.00999450683594,134.86000061035156,130.97999572753906,133.52000427246094,133.52000427246094,5385000
2026-05-12,GILD,135.0,137.5,132.72000122070312,134.94000244140625,134.94000244140625,6034900
2026-05-13,GILD,133.5500030517578,135.07000732421875,131.8800048828125,133.0500030517578,133.0500030517578,6666700
2026-05-14,GILD,133.77000427246094,134.64999389648438,131.80999755859375,132.05999755859375,132.05999755859375,4533200
2026-05-15,GILD,132.27000427246094,132.80999755859375,129.10000610351562,129.5800018310547,129.5800018310547,6640700
2026-05-18,GILD,130.14999389648438,131.0500030517578,129.22000122070312,129.6699981689453,129.6699981689453,5182200
2026-05-19,GILD,129.5,132.33999633789062,128.33999633789062,130.5,130.5,5009000
2026-05-20,GILD,131.36000061035156,131.9499969482422,129.49000549316406,130.69000244140625,130.69000244140625,5571000
2026-05-21,GILD,130.02000427246094,131.33999633789062,129.4199981689453,130.5,130.5,4920200
2026-04-23,GOOG,339.57501220703125,340.1600036621094,335.05999755859375,337.75,337.75,13442100
2026-04-24,GOOG,337.7200012207031,343.69000244140625,334.04998779296875,342.32000732421875,342.32000732421875,18260900
2026-04-27,GOOG,343.8800048828125,350.8999938964844,340.80999755859375,348.5199890136719,348.5199890136719,17443000
2026-04-28,GOOG,346.9200134277344,349.8999938964844,344.2799987792969,347.5,347.5,18502300
2026-04-29,GOOG,345.4800109863281,353.3999938964844,342.42999267578125,347.30999755859375,347.30999755859375,22232200
2026-04-30,GOOG,371.2550048828125,382.6300048828125,363.0899963378906,381.94000244140625,381.94000244140625,44570500
2026-05-01,GOOG,377.9800109863281,383.3900146484375,375.260009765625,383.2200012207031,383.2200012207031,28047900
2026-05-04,GOOG,382.32000732421875,384.17999267578125,376.7699890136719,379.6400146484375,379.6400146484375,18275000
2026-05-05,GOOG,381.8699951171875,388.9599914550781,380.3500061035156,384.2699890136719,384.2699890136719,15432500
2026-05-06,GOOG,389.5899963378906,396.3800048828125,387.1000061035156,395.1400146484375,395.1400146484375,23097300
2026-05-07,GOOG,397.05999755859375,397.3550109863281,390.30999755859375,395.29998779296875,395.29998779296875,15153600
2026-05-08,GOOG,394.2699890136719,398.3699951171875,393.6700134277344,397.04998779296875,397.04998779296875,13762500
2026-05-11,GOOG,390.69000244140625,394.3299865722656,386.2300109863281,386.7699890136719,386.7699890136719,16314900
2026-05-12,GOOG,385.0,386.44000244140625,379.7200012207031,383.82000732421875,383.82000732421875,17103900
2026-05-13,GOOG,381.9049987792969,399.92999267578125,381.5799865722656,399.0400085449219,399.0400085449219,18160100
2026-05-14,GOOG,393.7900085449219,399.10400390625,392.7279968261719,397.1700134277344,397.1700134277344,13805400
2026-05-15,GOOG,393.2149963378906,395.8800048828125,389.760009765625,393.32000732421875,393.32000732421875,15801900
2026-05-18,GOOG,392.125,404.4700012207031,390.8999938964844,393.1099853515625,393.1099853515625,18592800
2026-05-19,GOOG,393.29998779296875,393.3630065917969,383.0,384.8999938964844,384.8999938964844,25559400
2026-05-20,GOOG,385.0400085449219,390.70001220703125,380.0,384.8999938964844,384.8999938964844,16488100
2026-05-21,GOOG,382.010009765625,388.67999267578125,379.4800109863281,383.4700012207031,383.4700012207031,16809000
2026-04-23,GS,935.0,944.3900146484375,920.6900024414062,931.2999877929688,931.2999877929688,1655000
2026-04-24,GS,930.489990234375,932.9199829101562,919.219970703125,926.9099731445312,926.9099731445312,1263300
2026-04-27,GS,926.0399780273438,941.72998046875,926.0,937.8099975585938,937.8099975585938,1223000
2026-04-28,GS,941.239990234375,945.2999877929688,924.239990234375,926.5499877929688,926.5499877929688,1501600
2026-04-29,GS,927.5,930.0,899.1599731445312,905.5999755859375,905.5999755859375,1725900
2026-04-30,GS,910.4099731445312,928.0,905.0,923.77001953125,923.77001953125,1880300
2026-05-01,GS,916.4000244140625,935.780029296875,912.1400146484375,923.7100219726562,923.7100219726562,1359800
2026-05-04,GS,922.27001953125,925.0,899.0,903.27001953125,903.27001953125,1660100
2026-05-05,GS,909.72998046875,921.75,908.219970703125,918.8900146484375,918.8900146484375,1507200
2026-05-06,GS,935.9299926757812,944.0599975585938,931.3300170898438,937.3499755859375,937.3499755859375,2318200
2026-05-07,GS,937.9299926757812,945.2899780273438,921.97998046875,925.8699951171875,925.8699951171875,1715300
2026-05-08,GS,936.0,939.780029296875,927.4600219726562,936.47998046875,936.47998046875,1665000
2026-05-11,GS,932.6500244140625,949.780029296875,926.6300048828125,944.8599853515625,944.8599853515625,2411400
2026-05-12,GS,942.1599731445312,948.5,920.7999877929688,945.9000244140625,945.9000244140625,2236500
2026-05-13,GS,941.8400268554688,959.5499877929688,933.0800170898438,955.4199829101562,955.4199829101562,2355200
2026-05-14,GS,966.9000244140625,975.6599731445312,960.5,968.9600219726562,968.9600219726562,1898000
2026-05-15,GS,953.6500244140625,959.5,941.6099853515625,948.469970703125,948.469970703125,1862700
2026-05-18,GS,947.739990234375,961.6900024414062,938.5499877929688,946.3599853515625,946.3599853515625,1508000
2026-05-19,GS,933.219970703125,939.6400146484375,923.8099975585938,928.739990234375,928.739990234375,1767300
2026-05-20,GS,945.0,982.72998046875,940.5,982.1199951171875,982.1199951171875,3104400
2026-05-21,GS,982.2100219726562,999.5,970.2999877929688,988.1699829101562,988.1699829101562,2450700
2026-04-23,INTC,66.0999984741211,68.27999877929688,65.41999816894531,66.77999877929688,66.77999877929688,155141800
2026-04-24,INTC,82.19999694824219,85.22000122070312,79.62000274658203,82.54000091552734,82.54000091552734,281405200
2026-04-27,INTC,83.66999816894531,87.0999984741211,82.61000061035156,84.98999786376953,84.98999786376953,178820200
2026-04-28,INTC,81.27999877929688,84.58999633789062,80.80000305175781,84.5199966430664,84.5199966430664,147773500
2026-04-29,INTC,86.13999938964844,94.94999694824219,85.87000274658203,94.75,94.75,235070900
2026-04-30,INTC,95.5999984741211,95.69000244140625,91.5,94.4800033569336,94.4800033569336,160597300
2026-05-01,INTC,93.19999694824219,100.44999694824219,92.61000061035156,99.62000274658203,99.62000274658203,158502800
2026-05-04,INTC,99.18000030517578,99.81999969482422,95.5999984741211,95.77999877929688,95.77999877929688,119294000
2026-05-05,INTC,100.51000213623047,110.4800033569336,100.08000183105469,108.1500015258789,108.1500015258789,198482000
2026-05-06,INTC,110.9800033569336,113.5,106.58000183105469,113.01000213623047,113.01000213623047,157320100
2026-05-07,INTC,111.0199966430664,114.51000213623047,109.1500015258789,109.62000274658203,109.62000274658203,122699900
2026-05-08,INTC,111.80999755859375,130.57000732421875,111.80000305175781,124.91999816894531,124.91999816894531,227681300
2026-05-11,INTC,130.8800048828125,132.75,123.91999816894531,129.44000244140625,129.44000244140625,179486500
2026-05-12,INTC,124.36000061035156,127.79000091552734,115.0,120.61000061035156,120.61000061035156,172516500
2026-05-13,INTC,124.0999984741211,125.0,116.41000366210938,120.29000091552734,120.29000091552734,115364400
2026-05-14,INTC,114.66000366210938,118.56999969482422,113.16999816894531,115.93000030517578,115.93000030517578,118279800
2026-05-15,INTC,109.79000091552734,110.56999969482422,105.0199966430664,108.7699966430664,108.7699966430664,135206000
2026-05-18,INTC,113.47000122070312,115.54000091552734,103.8499984741211,108.16999816894531,108.16999816894531,145764000
2026-05-19,INTC,106.9800033569336,113.06999969482422,102.4000015258789,110.80000305175781,110.80000305175781,150234900
2026-05-20,INTC,116.22000122070312,121.94000244140625,114.80000305175781,118.95999908447266,118.95999908447266,165086900
2026-05-21,INTC,116.58000183105469,119.41000366210938,113.16999816894531,118.5,118.5,101989400
2026-04-23,MSFT,419.8900146484375,423.6600036621094,411.4100036621094,415.75,414.8514709472656,38308000
2026-04-24,MSFT,416.9700012207031,424.95001220703125,415.79998779296875,424.6199951171875,423.7023010253906,27457400
2026-04-27,MSFT,422.3800048828125,427.1099853515625,417.07000732421875,424.82000732421875,423.9018859863281,30867300
2026-04-28,MSFT,424.57000732421875,429.9200134277344,421.8999938964844,429.25,428.3222961425781,30438100
2026-04-29,MSFT,424.5799865722656,426.82000732421875,420.2900085449219,424.4599914550781,423.5426330566406,38288300
2026-04-30,MSFT,410.80999755859375,414.4200134277344,398.010009765625,407.7799987792969,406.8987121582031,70909400
2026-05-01,MSFT,412.79998779296875,417.1099853515625,410.44000244140625,414.44000244140625,413.5443115234375,31372400
2026-05-04,MSFT,411.5400085449219,420.7799987792969,410.79998779296875,413.6199951171875,412.72607421875,28066500
2026-05-05,MSFT,415.32000732421875,416.7799987792969,408.79998779296875,411.3800048828125,410.4909362792969,25700900
2026-05-06,MSFT,408.0,418.4200134277344,405.1099853515625,413.9599914550781,413.0653381347656,30285900
2026-05-07,MSFT,420.1099853515625,427.9800109863281,418.760009765625,420.7699890136719,419.8606262207031,34942400
2026-05-08,MSFT,417.3900146484375,418.6300048828125,414.0,415.1199951171875,414.22283935546875,33383800
2026-05-11,MSFT,407.8699951171875,412.69000244140625,405.5,412.6600036621094,411.7681579589844,35657900
2026-05-12,MSFT,414.4800109863281,415.5,406.6400146484375,407.7699890136719,406.8887023925781,38594200
2026-05-13,MSFT,403.20001220703125,406.30999755859375,401.0299987792969,405.2099914550781,404.3342590332031,29667100
2026-05-14,MSFT,404.4800109863281,411.8399963378906,400.8800048828125,409.42999267578125,408.5451354980469,27077500
2026-05-15,MSFT,414.2699890136719,428.1700134277344,412.9100036621094,421.9200134277344,421.0081481933594,50771200
2026-05-18,MSFT,416.6199951171875,425.1199951171875,415.6099853515625,423.5400085449219,422.6246643066406,32564100
2026-05-19,MSFT,429.8999938964844,432.70001220703125,416.489990234375,417.4200134277344,416.51788330078125,33018700
2026-05-20,MSFT,414.1700134277344,422.1000061035156,411.29998779296875,421.05999755859375,420.1499938964844,27864000
2026-05-21,MSFT,424.75,426.3399963378906,415.7099914550781,419.0899963378906,419.0899963378906,31303300
2026-04-23,MU,482.2799987792969,493.6199951171875,471.79998779296875,481.7200012207031,481.7200012207031,38178000
2026-04-24,MU,495.9200134277344,506.989990234375,489.3599853515625,496.7200012207031,496.7200012207031,35379600
2026-04-27,MU,510.55999755859375,531.3599853515625,510.0199890136719,524.5599975585938,524.5599975585938,41298800
2026-04-28,MU,503.5400085449219,518.8300170898438,488.2300109863281,504.2900085449219,504.2900085449219,44816600
2026-04-29,MU,526.0,531.02001953125,508.79998779296875,518.4600219726562,518.4600219726562,36248500
2026-04-30,MU,529.739990234375,535.5,502.5799865722656,517.1599731445312,517.1599731445312,36554400
2026-05-01,MU,511.7799987792969,545.9099731445312,510.2099914550781,542.2100219726562,542.2100219726562,40215300
2026-05-04,MU,560.5999755859375,592.7999877929688,557.760009765625,576.4500122070312,576.4500122070312,46043700
2026-05-05,MU,609.780029296875,651.739990234375,605.469970703125,640.2000122070312,640.2000122070312,64268500
2026-05-06,MU,660.3699951171875,667.6699829101562,627.5800170898438,666.5900268554688,666.5900268554688,55725800
2026-05-07,MU,649.8300170898438,683.0900268554688,635.4199829101562,646.6300048828125,646.6300048828125,47527500
2026-05-08,MU,676.4500122070312,747.2100219726562,676.2100219726562,746.8099975585938,746.8099975585938,65130900
2026-05-11,MU,792.97998046875,818.6699829101562,768.0,795.3300170898438,795.3300170898438,70972900
2026-05-12,MU,774.7000122070312,782.760009765625,706.5999755859375,766.5800170898438,766.5800170898438,73743000
2026-05-13,MU,813.1599731445312,814.9500122070312,779.469970703125,803.6300048828125,803.6300048828125,54875100
2026-05-14,MU,787.6199951171875,812.0,775.6300048828125,776.010009765625,776.010009765625,42142700
2026-05-15,MU,732.5700073242188,749.5900268554688,719.0,724.6599731445312,724.6599731445312,48519000
2026-05-18,MU,750.4600219726562,757.0,663.25,681.5399780273438,681.5399780273438,60042500
2026-05-19,MU,665.5800170898438,725.9500122070312,652.2100219726562,698.739990234375,698.739990234375,61792100
2026-05-20,MU,734.9600219726562,735.6799926757812,700.6599731445312,731.989990234375,731.989990234375,48827400
2026-05-21,MU,736.3599853515625,764.9000244140625,732.2000122070312,762.0999755859375,762.0999755859375,42244200
2026-04-23,NVDA,202.4600067138672,203.8300018310547,197.22000122070312,199.63999938964844,199.63999938964844,113561800
2026-04-24,NVDA,199.9600067138672,210.9499969482422,199.80999755859375,208.27000427246094,208.27000427246094,214134400
2026-04-27,NVDA,209.64999389648438,216.8300018310547,207.3800048828125,216.61000061035156,216.61000061035156,187172400
2026-04-28,NVDA,209.49000549316406,214.72999572753906,208.1999969482422,213.1699981689453,213.1699981689453,180275400
2026-04-29,NVDA,212.6999969482422,212.72000122070312,207.5800018310547,209.25,209.25,123711800
2026-04-30,NVDA,209.92999267578125,210.3000030517578,198.6999969482422,199.57000732421875,199.57000732421875,225239200
2026-05-01,NVDA,201.27999877929688,203.0,197.1199951171875,198.4499969482422,198.4499969482422,128647000
2026-05-04,NVDA,199.5,201.72999572753906,194.74000549316406,198.47999572753906,198.47999572753906,125368100
2026-05-05,NVDA,199.3000030517578,200.24000549316406,196.02999877929688,196.5,196.5,113406600
2026-05-06,NVDA,199.88999938964844,208.27000427246094,198.61000061035156,207.8300018310547,207.8300018310547,188362800
2026-05-07,NVDA,208.33999633789062,214.1999969482422,206.5,211.5,211.5,168307900
2026-05-08,NVDA,213.02999877929688,217.8000030517578,212.88999938964844,215.1999969482422,215.1999969482422,136421400
2026-05-11,NVDA,214.0399932861328,222.3000030517578,213.88999938964844,219.44000244140625,219.44000244140625,160685800
2026-05-12,NVDA,218.5500030517578,223.75,214.9199981689453,220.77999877929688,220.77999877929688,159176600
2026-05-13,NVDA,224.92999267578125,227.83999633789062,221.57000732421875,225.8300018310547,225.8300018310547,150405400
2026-05-14,NVDA,229.85000610351562,236.5399932861328,229.3000030517578,235.74000549316406,235.74000549316406,180782900
2026-05-15,NVDA,229.75999450683594,231.5,224.24000549316406,225.32000732421875,225.32000732421875,180977600
2026-05-18,NVDA,229.8699951171875,230.0,218.3699951171875,222.32000732421875,222.32000732421875,146280900
2026-05-19,NVDA,219.6199951171875,224.47999572753906,217.91000366210938,220.61000061035156,220.61000061035156,140948200
2026-05-20,NVDA,223.17999267578125,226.1300048828125,220.5,223.47000122070312,223.47000122070312,184201600
2026-05-21,NVDA,222.2899932861328,227.39999389648438,217.92999267578125,219.50999450683594,219.50999450683594,202582500
2026-04-23,PCG,16.940000534057617,17.229999542236328,16.68000030517578,16.829999923706055,16.829999923706055,34793500
2026-04-24,PCG,16.920000076293945,17.040000915527344,16.530000686645508,16.610000610351562,16.610000610351562,21737500
2026-04-27,PCG,16.770000457763672,16.81999969482422,16.3799991607666,16.389999389648438,16.389999389648438,23772500
2026-04-28,PCG,16.510000228881836,16.59000015258789,16.200000762939453,16.260000228881836,16.260000228881836,23821000
2026-04-29,PCG,16.110000610351562,16.489999771118164,16.100000381469727,16.3700008392334,16.3700008392334,20060700
2026-04-30,PCG,16.440000534057617,16.670000076293945,16.280000686645508,16.6200008392334,16.6200008392334,26895800
2026-05-01,PCG,16.65999984741211,16.75,16.43000030517578,16.450000762939453,16.450000762939453,13116700
2026-05-04,PCG,16.299999237060547,16.40999984741211,16.06999969482422,16.209999084472656,16.209999084472656,15006500
2026-05-05,PCG,16.229999542236328,16.520000457763672,16.200000762939453,16.329999923706055,16.329999923706055,10864400
2026-05-06,PCG,16.399999618530273,16.420000076293945,16.0,16.200000762939453,16.200000762939453,17553900
2026-05-07,PCG,16.1299991607666,16.309999465942383,16.010000228881836,16.190000534057617,16.190000534057617,26315500
2026-05-08,PCG,16.239999771118164,16.360000610351562,16.049999237060547,16.06999969482422,16.06999969482422,15330300
2026-05-11,PCG,16.15999984741211,16.34000015258789,16.110000610351562,16.209999084472656,16.209999084472656,21682600
2026-05-12,PCG,16.209999084472656,16.920000076293945,16.200000762939453,16.809999465942383,16.809999465942383,31171500
2026-05-13,PCG,16.6200008392334,16.670000076293945,16.5,16.600000381469727,16.600000381469727,16035200
2026-05-14,PCG,16.610000610351562,16.809999465942383,16.5,16.809999465942383,16.809999465942383,19959200
2026-05-15,PCG,16.65999984741211,16.690000534057617,16.1299991607666,16.1299991607666,16.1299991607666,16536400
2026-05-18,PCG,16.219999313354492,16.440000534057617,15.279999732971191,15.850000381469727,15.850000381469727,42156800
2026-05-19,PCG,16.0,16.43000030517578,15.850000381469727,16.40999984741211,16.40999984741211,21813300
2026-05-20,PCG,16.40999984741211,16.520000457763672,16.15999984741211,16.309999465942383,16.309999465942383,11929000
2026-05-21,PCG,16.229999542236328,16.530000686645508,16.1299991607666,16.440000534057617,16.440000534057617,14676900
2026-04-23,TSLA,375.2799987792969,386.0,368.3900146484375,373.7200012207031,373.7200012207031,93969500
2026-04-24,TSLA,373.5,382.760009765625,370.7300109863281,376.29998779296875,376.29998779296875,62893300
2026-04-27,TSLA,372.0899963378906,380.7799987792969,364.0199890136719,378.6700134277344,378.6700134277344,66735800
2026-04-28,TSLA,374.67999267578125,382.2900085449219,372.5400085449219,376.0199890136719,376.0199890136719,50864400
2026-04-29,TSLA,375.3999938964844,376.3999938964844,370.0400085449219,372.79998779296875,372.79998779296875,45384800
2026-04-30,TSLA,372.75,384.75,368.1700134277344,381.6300048828125,381.6300048828125,51076000
2026-05-01,TSLA,382.489990234375,397.82000732421875,378.79998779296875,390.82000732421875,390.82000732421875,65338300
2026-05-04,TSLA,390.2300109863281,394.6400146484375,384.79998779296875,392.510009765625,392.510009765625,48765100
2026-05-05,TSLA,395.19000244140625,402.1199951171875,389.0,389.3699951171875,389.3699951171875,47780600
2026-05-06,TSLA,386.25,401.67999267578125,384.0199890136719,398.7300109863281,398.7300109863281,53465400
2026-05-07,TSLA,407.4800109863281,415.8299865722656,402.1199951171875,411.7900085449219,411.7900085449219,64294200
2026-05-08,TSLA,416.4800109863281,431.20001220703125,416.3900146484375,428.3500061035156,428.3500061035156,65050000
2026-05-11,TSLA,422.1600036621094,449.1600036621094,416.79998779296875,445.0,445.0,78376100
2026-05-12,TSLA,441.4100036621094,447.79998779296875,422.260009765625,433.45001220703125,433.45001220703125,60569300
2026-05-13,TSLA,436.6700134277344,453.3999938964844,430.2099914550781,445.2699890136719,445.2699890136719,68283200
2026-05-14,TSLA,446.489990234375,451.9800109863281,441.1600036621094,443.29998779296875,443.29998779296875,46070400
2026-05-15,TSLA,433.9800109863281,434.6600036621094,422.0,422.239990234375,422.239990234375,52688700
2026-05-18,TSLA,419.2699890136719,421.1300048828125,405.3299865722656,409.989990234375,409.989990234375,52474200
2026-05-19,TSLA,403.1600036621094,405.6300048828125,393.6300048828125,404.1099853515625,404.1099853515625,46500600
2026-05-20,TSLA,407.6000061035156,417.4599914550781,406.3900146484375,417.260009765625,417.260009765625,45294700
2026-05-21,TSLA,422.17999267578125,426.95001220703125,412.8999938964844,417.8500061035156,417.8500061035156,42487100
2026-04-23,WFC,80.55999755859375,81.37000274658203,79.73999786376953,80.51000213623047,80.05233001708984,13906500
2026-04-24,WFC,80.11000061035156,80.37000274658203,79.25,79.41999816894531,78.96852111816406,15419600
2026-04-27,WFC,79.38999938964844,80.88999938964844,79.33999633789062,80.55999755859375,80.10204315185547,20114400
2026-04-28,WFC,81.31999969482422,81.94999694824219,80.94000244140625,81.5,81.03669738769531,14826700
2026-04-29,WFC,81.23999786376953,82.0,80.69999694824219,81.51000213623047,81.04664611816406,19930700
2026-04-30,WFC,80.81999969482422,82.62999725341797,80.01000213623047,82.2300033569336,81.7625503540039,13535900
2026-05-01,WFC,82.25,82.66000366210938,80.80999755859375,80.80999755859375,80.35061645507812,14632700
2026-05-04,WFC,80.58000183105469,80.87000274658203,79.18000030517578,79.18000030517578,78.72988891601562,12968800
2026-05-05,WFC,79.4000015258789,80.11000061035156,79.01000213623047,79.88999938964844,79.43585205078125,11379900
2026-05-06,WFC,80.79000091552734,81.4800033569336,80.3499984741211,80.41999816894531,79.96283721923828,14347500
2026-05-07,WFC,80.69000244140625,81.01000213623047,78.69000244140625,79.16000366210938,78.71000671386719,19094800
2026-05-08,WFC,79.0,79.02999877929688,75.55000305175781,75.63999938964844,75.63999938964844,31062100
2026-05-11,WFC,75.66999816894531,75.72000122070312,73.19000244140625,73.58000183105469,73.58000183105469,25403900
2026-05-12,WFC,73.9000015258789,75.25,72.87000274658203,75.18000030517578,75.18000030517578,21003400
2026-05-13,WFC,74.1500015258789,74.76000213623047,73.27999877929688,73.52999877929688,73.52999877929688,16343900
2026-05-14,WFC,73.9800033569336,74.48999786376953,73.22000122070312,73.79000091552734,73.79000091552734,19388500
2026-05-15,WFC,73.94000244140625,74.05999755859375,72.77999877929688,73.41999816894531,73.41999816894531,16479000
2026-05-18,WFC,73.33000183105469,74.7699966430664,73.33000183105469,74.37000274658203,74.37000274658203,16934200
2026-05-19,WFC,74.4800033569336,75.3499984741211,73.8499984741211,74.55000305175781,74.55000305175781,18649800
2026-05-20,WFC,74.88999938964844,76.30000305175781,73.9800033569336,75.80999755859375,75.80999755859375,14695300
2026-05-21,WFC,75.58999633789062,76.05999755859375,74.91000366210938,75.91999816894531,75.91999816894531,9430700
2026-04-23,WMT,130.57000732421875,132.4600067138672,130.49000549316406,132.02999877929688,131.77850341796875,16376000
2026-04-24,WMT,131.94000244140625,132.1199951171875,129.27999877929688,129.9199981689453,129.6725311279297,16016300
2026-04-27,WMT,129.6199951171875,129.80999755859375,127.4000015258789,127.58999633789062,127.34696197509766,17029500
2026-04-28,WMT,129.33999633789062,129.77000427246094,126.77999877929688,127.58999633789062,127.34696197509766,16341800
2026-04-29,WMT,126.68000030517578,128.0800018310547,125.91000366210938,128.00999450683594,127.76616668701172,16538800
2026-04-30,WMT,128.02000427246094,132.42999267578125,127.94999694824219,131.92999267578125,131.67869567871094,19867700
2026-05-01,WMT,131.9199981689453,133.3699951171875,130.97999572753906,131.60000610351562,131.34933471679688,10480900
2026-05-04,WMT,130.41000366210938,131.75,129.67999267578125,130.3300018310547,130.08175659179688,10340700
2026-05-05,WMT,130.50999450683594,131.72999572753906,130.3000030517578,130.7899932861328,130.54086303710938,10637300
2026-05-06,WMT,130.86000061035156,131.14999389648438,129.52999877929688,130.0800018310547,129.8322296142578,16371500
2026-05-07,WMT,129.89999389648438,130.60000610351562,128.6699981689453,130.1999969482422,129.95199584960938,14935400
2026-05-08,WMT,130.32000732421875,131.41000366210938,130.25,130.42999267578125,130.42999267578125,15183700
2026-05-11,WMT,130.17999267578125,130.60000610351562,126.37999725341797,127.58999633789062,127.58999633789062,18699200
2026-05-12,WMT,128.0800018310547,131.1199951171875,127.72000122070312,130.35000610351562,130.35000610351562,17935400
2026-05-13,WMT,129.19000244140625,132.52999877929688,128.77000427246094,131.47000122070312,131.47000122070312,13786600
2026-05-14,WMT,131.36000061035156,132.77999877929688,130.86000061035156,132.4600067138672,132.4600067138672,14200400
2026-05-15,WMT,133.69000244140625,133.9499969482422,130.7899932861328,131.4499969482422,131.4499969482422,25323000
2026-05-18,WMT,131.52000427246094,133.47000122070312,131.1300048828125,133.33999633789062,133.33999633789062,17183200
2026-05-19,WMT,132.94000244140625,135.16000366210938,132.05999755859375,134.1999969482422,134.1999969482422,16957100
2026-05-20,WMT,132.91000366210938,133.64999389648438,130.3300018310547,130.85000610351562,130.85000610351562,28471600
2026-05-21,WMT,124.41000366210938,125.80000305175781,120.38999938964844,121.33999633789062,121.33999633789062,52912900
2026-04-23,XOM,149.85000610351562,151.22999572753906,148.5,150.52999877929688,149.51516723632812,12970400
2026-04-24,XOM,149.63999938964844,150.3000030517578,146.9499969482422,148.91000366210938,147.90609741210938,13735900
2026-04-27,XOM,149.16000366210938,151.17999267578125,147.97000122070312,148.19000244140625,147.19094848632812,13940800
2026-04-28,XOM,151.52999877929688,152.30999755859375,149.8300018310547,150.55999755859375,149.5449676513672,15173600
2026-04-29,XOM,152.02000427246094,154.9499969482422,151.00999450683594,154.6699981689453,153.62725830078125,14669100
2026-04-30,XOM,152.42999267578125,155.69000244140625,151.33999633789062,154.3300018310547,153.28955078125,22885900
2026-05-01,XOM,152.61000061035156,155.00999450683594,151.1300048828125,152.75,151.72019958496094,15458200
2026-05-04,XOM,152.6699981689453,154.47000122070312,149.52000427246094,153.69000244140625,152.65386962890625,14238500
2026-05-05,XOM,153.10000610351562,155.2899932861328,152.41000366210938,154.8800048828125,153.83584594726562,12494600
2026-05-06,XOM,149.07000732421875,150.3300018310547,147.08999633789062,148.69000244140625,147.6875762939453,20527000
2026-05-07,XOM,146.8000030517578,147.0800018310547,144.19000244140625,146.5800018310547,145.591796875,22509400
2026-05-08,XOM,145.85000610351562,146.5,143.9199981689453,144.57000732421875,143.59535217285156,19550100
2026-05-11,XOM,146.02000427246094,149.72000122070312,146.0,149.67999267578125,148.6708984375,14849500
2026-05-12,XOM,151.25,151.80999755859375,149.77000427246094,150.6300048828125,149.614501953125,16443100
2026-05-13,XOM,150.05999755859375,151.7899932861328,149.67999267578125,151.57000732421875,150.5481719970703,15772800
2026-05-14,XOM,151.89999389648438,153.1199951171875,151.25999450683594,152.77999877929688,151.75,11331500
2026-05-15,XOM,153.75,158.0,153.0,157.9199981689453,157.9199981689453,27882400
2026-05-18,XOM,157.32000732421875,161.72999572753906,155.22999572753906,160.49000549316406,160.49000549316406,20065200
2026-05-19,XOM,161.5,163.32000732421875,159.63999938964844,162.5500030517578,162.5500030517578,20715600
2026-05-20,XOM,161.61000061035156,163.67999267578125,156.27000427246094,156.27999877929688,156.27999877929688,18509700
2026-05-21,XOM,158.4199981689453,159.38999938964844,153.4600067138672,155.2899932861328,155.2899932861328,17054600
